,X,Y
0,0.337311500154,8.24680481116
1,-0.621163725347,4.0034917609
2,0.0455577142324,6.1362843695
3,0.441443774629,9.49114482754
4,-2.42737484356,-2.24587112348
5,-2.75437656057,-1.82595538335
6,-0.736482880845,5.50933564886
7,0.229933095738,8.75043377615
8,-1.41612121658,4.17624871924
9,-1.65339999617,2.94253746886
10,-0.593059459213,5.08861122402
11,-3.1658621238,-2.41455342337
12,-0.651650259003,3.64607879912
13,-1.67956504389,3.71117714082
14,-0.936083858931,3.49888819047
15,-0.106808000159,7.71864194094
16,-1.18329161478,2.17166836655
17,0.561793762612,5.23714346465
18,-0.318147663795,4.40818266876
19,-1.20454375006,1.31513050684
20,-0.815472865439,5.12253562915
21,2.72881095147,14.5674401392
22,-1.65346900987,0.489644294855
23,-2.29716952989,0.556358343034
24,-0.664557479909,3.82365132152
25,-2.79147750096,-2.05788299213
26,-0.725637635643,4.09156206809
27,-0.719019449543,5.88891474137
28,0.505562182442,9.84603398783
29,-0.539224691658,4.7924960857
30,-0.523169385987,4.30226865521
31,-0.544423602325,4.8480629616
32,-1.04263960083,2.50622025223
33,0.0994243011846,7.13347066393
34,-1.91891703675,1.9474216456
35,-2.55345804715,-1.52836786367
36,0.328215514448,7.49146614231
37,-0.160227204032,4.31089734908
38,-0.420911646675,7.54054236693
39,-0.250575898486,5.53893153645
40,-0.296397392979,5.96565522495
41,1.43976632939,10.6667023586
42,0.182859043991,6.44917907029
43,-0.512670005239,5.16966361972
44,-0.537692829088,5.4225246593
45,-0.533445452476,4.96945333955
46,-1.30297043072,2.87256492114
47,-0.375377174963,5.70804467108
48,-0.203188450988,5.19201092958
49,-0.0438537673399,6.47028092041
50,-0.787722500744,2.88487512288
51,-2.56096901253,-2.37538212197
52,-0.922235765081,4.53082210651
53,-0.760001960538,4.66723621305
54,-1.38197251284,3.05054317701
55,0.0784636053106,4.91168887576
56,-0.960691030537,3.72422837297
57,-1.38928032968,1.52731229091
58,-1.38533288905,2.66278706996
59,-0.529002764011,4.16578229565
60,-1.67754274699,3.20706912621
61,-2.46421607746,-0.897550725892
62,-2.30411289305,-0.285936049633
63,-1.83168840267,-0.189206785951
64,-0.218050262178,3.96584656226
65,-3.72070452045,-4.39577107728
66,-2.37849214668,0.170626616125
67,-1.7117675298,2.17455879534
68,0.141101562793,6.77155107347
69,0.561747914768,6.68995969845
70,-1.78403791007,1.04644735593
71,0.289500447756,8.52863028012
72,-0.544905597935,5.41783021291
73,-1.03593455637,4.53325658619
74,-0.00636058323769,6.30803585362
75,-1.32479656139,1.40430806178
76,0.0533711362933,6.86841739107
77,0.606510308296,8.89559914838
78,-1.90856712597,1.23059231364
79,-1.92992615452,-0.125963499854
80,-1.03728676602,3.65243716876
81,-0.905991033147,5.12858191112
82,-3.0056359486,-1.68002724221
83,-0.869471879197,5.14773891644
84,-0.678481343213,6.01092568889
85,0.463674971242,6.81909181596
86,-1.37222999581,5.2782129974
87,-0.908723315591,4.67930323717
88,-1.73509746562,-0.5033710351
89,-1.62057900031,2.3163708408
90,-1.78929282429,-0.583439675772
91,-1.88987188565,0.119414697157
92,-1.94862346935,0.823494494596
93,-1.76047578542,1.34989725891
94,-1.76921084627,1.55836589624
95,-0.576019442706,7.28058683212
96,-2.385004981,-1.04886793999
97,-1.9075514718,0.464765475332
98,-0.0867986219646,7.62163969413
99,0.296375740929,5.53897945275
100,-0.750602049771,4.44304490332
101,-2.36216259195,-3.23845142228
102,-2.22780605878,0.279427045126
103,-0.954011947519,3.8550988258
104,-1.01007861664,2.70500003822
105,-1.3679850202,3.22482364039
106,-1.54928276387,0.122738507252
107,-1.3914037978,4.24811682385
108,0.142596729962,6.68215472461
109,-0.636286419404,3.48733523469
110,-1.72050575339,0.302612478872
111,-2.41176619604,0.618361604321
112,-1.19356858961,3.44173387401
113,-0.137085927363,5.79521618448
114,-0.207441709037,6.64449612231
115,-1.66721757365,2.71691368047
116,0.0657299614162,7.09737659822
117,-0.491376135392,4.84173780665
118,-0.25105952998,7.04486773827
119,-0.456360486446,2.6733642605
120,-1.53417578936,2.990561573
121,-1.71067427845,1.37059532889
122,-2.49499771797,-0.172010051019
123,-2.42613972195,-1.34819916068
124,-1.12062293185,3.60622674642
125,-0.951230555941,3.36708083429
126,-0.358254283222,6.42388167557
127,-2.74565710399,-1.24322295278
128,-2.14715785252,-0.872738187143
129,-0.349804490759,4.54463657
130,-1.91792026091,0.957521591854
131,-1.75507520168,1.77592055509
132,0.136501508695,7.88721632171
133,-1.64950094231,1.10122489607
134,0.365409678687,8.29380173174
135,1.28857978349,10.6487719345
136,-1.00967580608,4.53936474447
137,-1.68216381442,-0.591867874468
138,-1.70105245898,2.39272216714
139,-1.67569549071,-0.241031825869
140,-1.68099174067,1.75084451959
141,-1.90064814771,0.77208578814
142,-2.36693719314,-0.448252367638
143,1.31614687282,9.77783208059
144,-0.506174363443,6.62188376683
145,0.226233150069,8.00417864302
146,0.710130867731,7.97780641298
147,0.948331469216,8.78962066844
148,-1.08754951919,3.71041069421
149,0.401452150914,8.77568584527
150,-1.01163416926,4.28435872298
151,0.382744810743,6.6993176084
152,-0.636727449913,5.0122849752
153,-3.53740553842,-3.58491648035
154,-1.08172533014,3.02185754938
155,-2.4729543442,0.073095907218
156,0.174371683576,7.91572278738
157,-3.17218914137,-3.41201903864
158,-0.575899638021,5.04521052737
159,-1.12524612216,3.48856804484
160,0.759186901319,8.44764626637
161,-0.574326283359,3.00475340621
162,-0.80867263447,3.40334036309
163,-0.378239725013,5.24665470625
164,0.249584776006,7.17135346735
165,-0.871656557343,4.45159617963
166,0.277678630504,6.30005993673
167,-1.42606959859,2.12594779176
168,-1.36242585278,2.59133495114
169,-0.77063893963,3.2570295562
170,0.136466615048,6.61815674907
171,-0.342015777731,6.15133405052
172,-1.31757932689,2.08762963563
173,0.287823245534,5.09717862421
174,-0.630857593033,4.20975774801
175,-0.187609843106,8.43417322816
176,0.105544142668,7.08386179818
177,-0.405764806854,6.54185839257
178,-1.45391287666,2.20330101734
179,-0.222326707641,5.12508727203
180,-1.33042056152,3.11019564259
181,-0.905185194553,4.66652770084
182,-0.421699593518,6.11212973155
183,-2.6278975015,0.282964587259
184,-1.74547782551,2.80118324963
185,-1.66202347244,0.753201521463
186,-2.43653308075,-1.86416318284
187,-1.81510432435,0.227545168305
188,-1.29170097906,2.77381709832
189,-1.17967380377,2.96532300008
190,-1.94839409902,0.395963666185
191,2.10332272655,13.9206771023
192,-1.02383256585,2.88069587431
193,0.96139718971,10.5309570483
194,0.848450337179,9.45572009478
195,-2.86226644254,-2.95056013568
196,-2.29457520017,-0.132364808616
197,-2.76583398182,-3.74516015185
198,0.018155820027,5.7257170664
199,-0.551423279406,5.77265198234
200,-2.28078793746,-0.38506143303
201,-0.201629972114,5.63725461057
202,0.0312842968249,7.08566881151
203,-0.874586386266,5.25594124096
204,-0.311617525748,5.03871583729
205,-0.477672690274,2.76513268719
206,-0.955462571894,4.38227802311
207,-0.0819527305339,6.99684277095
208,-0.343776789469,6.65027241536
209,-0.0491464903219,7.64556491931
210,0.209410478627,6.21592608481
211,0.658953442852,7.02889140343
212,0.957781945499,8.89090545345
213,-1.70591652332,0.46738449295
214,-0.900151751205,4.55949358233
215,-0.486304624894,5.49929003585
216,0.243959387782,7.2311109693
217,-1.60874976859,1.60922369162
218,-1.71511019225,-0.348610928728
219,-1.88629444009,0.827603067167
220,0.0937260886985,7.50588733729
221,-0.45001751118,5.08625927615
222,-0.779822035632,4.43413909352
223,-1.33520829284,3.33681926753
224,-1.53638943901,1.25112257973
225,-2.33500260794,-0.401414214606
226,-0.932983833077,4.2882312053
227,-0.0955964718862,6.30745887693
228,0.240569442982,7.8890520109
229,1.86597838016,13.0811165522
230,-0.956358785013,3.28975062153
231,-1.99246085074,3.10352513518
232,-0.270952999154,3.96779813804
233,-2.54584073111,-3.58013931056
234,-1.22868438174,1.70342813173
235,-1.58372742797,0.674358023297
236,-1.07291548227,3.3278821907
237,0.821841527617,9.97829877536
238,-1.81322638441,0.252509496062
239,-0.737172989724,3.74325206939
240,-1.46163465595,2.00086570496
241,0.699100659935,9.10925796549
242,-0.784923341317,4.08826566657
243,-0.556990554956,3.1486739276
244,1.6634538869,11.4641546179
245,-1.54320155189,1.45182875705
246,-0.175727819967,4.73103390415
247,-0.830461231724,3.72219345622
248,-1.84393755943,0.365103695729
249,-1.96039177292,1.77506711638
250,0.121409907874,5.85946675503
251,-2.58334400055,-2.16906661096
252,-0.266630658975,6.89019951293
253,-0.146506949075,5.99873833013
254,-1.86367673748,0.407122151608
255,-2.28905755086,-0.372779282375
256,-0.864035193371,4.20532779225
257,-0.436479073058,4.16731510678
258,-0.0827674807409,7.44404481385
259,-3.36367359432,-2.53085612201
260,-0.34847775953,5.3678792858
261,-1.0887036659,3.0527695521
262,-1.78086992075,2.067787101
263,-1.00750547815,4.0895539551
264,-0.446570260409,4.56368101244
265,-1.68760038704,3.11746193686
266,-1.04020432443,3.38434089039
267,-2.15878887291,2.48767238977
268,-1.39184185071,1.88490991397
269,-1.09629385246,3.23413530107
270,-1.36395404918,2.17686734055
271,-0.430898094084,4.3935511778
272,-1.44733315712,1.09049801702
273,-2.89521221577,-1.86860395941
274,0.564867960926,10.748209219
275,0.276441663644,7.99864517307
276,1.37867200982,10.5396532648
277,-1.88933641395,1.50870066844
278,0.0431755333741,7.32831885629
279,-0.730199460824,4.35523509864
280,-1.21029981401,3.79095528924
281,-0.0475177170365,5.86412062225
282,-1.06398036545,4.57634227098
283,-2.13439438258,0.542154147279
284,-1.89749336006,0.844613304204
285,-0.74500546446,2.51714732188
286,0.0763762291336,7.38749741939
287,-1.22410088218,-0.349126145766
288,0.146230356889,8.88760301524
289,-2.04509548398,-0.857171161626
290,-0.980842659139,3.14222142142
291,-0.835540849226,1.12831866067
292,-1.06838351554,3.9844694198
293,-1.53874740057,2.17992113763
294,-0.814117046598,1.56556519399
295,-0.976103562805,2.1107738559
296,-1.7184296455,1.05181037554
297,-1.94898394625,-0.550822066621
298,-1.29484462203,2.64591165584
299,-1.00990254769,3.84908583406
300,-1.64453804215,1.6181314356
301,0.202498280331,8.73583750953
302,-0.560338783659,5.14191730803
303,-0.358866174488,6.59465304276
304,0.690378592644,9.32289187043
305,-2.52390749428,-0.167588694995
306,-1.58368712135,2.7008837464
307,-2.00318655015,0.940476071509
308,-0.702825893486,3.01857935503
309,-2.89000180484,-1.54417092588
310,-0.538929772752,2.75648105518
311,-2.19881530949,-0.433481071872
312,-1.34295282008,4.44872009316
313,-2.78929956314,-2.51927459339
314,-0.196275331925,6.69452977187
315,-1.29580609179,2.90800979101
316,-0.581178092075,3.20374462113
317,-1.13602609562,3.15024320343
318,-0.106515742255,4.70905004549
319,0.540171409132,8.44216708102
320,0.191928720423,7.11807241645
321,-0.374798430625,6.28492681339
322,-1.99430010741,0.50932441857
323,-0.730471185268,4.9451138576
324,-1.30016652745,2.15111295735
325,-1.30644610424,1.70214427931
326,0.932534781078,9.91146121464
327,-1.51616232447,3.30347871919
328,-2.40640195892,0.832747038686
329,-0.547551407572,3.26298598876
330,-0.213474809076,4.86272033849
331,-0.935234926084,4.93840392132
332,-0.432587806614,4.63695759352
333,-0.812461464337,4.63848994721
334,-1.55495720071,2.76391913355
335,-0.349339621941,3.48020615097
336,-0.534896055403,3.92330320197
337,-1.64385396561,1.3605460627
338,-1.40555913169,1.07444327222
339,-1.19382241529,3.0474507806
340,-1.53214902328,0.857852695314
341,0.145503584996,6.24508445947
342,-2.24240083748,0.278333755793
343,0.51965650844,8.79432466199
344,-2.23934318042,0.418609462991
345,-1.29588231085,1.18351218694
346,-1.2933473422,3.05032053395
347,-1.14598446851,3.20874366821
348,-2.02833599704,1.75497145408
349,-2.56105421511,-1.5080062693
350,0.349516885553,8.15848771038
351,-2.55154416084,-1.44104370251
352,-1.78409226024,1.98988929104
353,-0.00503567178888,7.30397603019
354,-0.551571411662,5.30456594355
355,-1.61468417614,-0.303311406642
356,-1.31734625431,2.50648150054
357,-2.3292908092,-0.598830360114
358,0.417386029581,6.90104000727
359,-0.793792248192,4.4614447838
360,-0.822304046387,4.37408668297
361,-1.582316988,1.64060544923
362,-0.783242251153,3.26114637077
363,-2.13669497498,0.625511585486
364,0.561731610631,7.61254554365
365,-1.80433810141,0.150993318979
366,-1.42810770053,1.89839030074
367,-4.11199961833,-7.39482674507
368,-2.12570497393,0.188127727138
369,-0.506391362011,4.40335154364
370,-1.70287650246,0.52419579617
371,-0.954076990434,3.44487779707
372,-1.66877264628,2.46262306407
373,-2.18637845444,0.362613048524
374,0.211288378027,6.16730170929
375,-1.20680152904,3.57148114797
376,-1.03985321928,3.68065688392
377,-2.49121522921,0.236158464009
378,-0.455319072784,4.44240714833
379,-1.52989727411,2.65903705597
380,-0.284507197175,5.66822908034
381,0.449124047228,8.32070172927
382,-0.622304905849,2.18188087669
383,-0.243723944809,4.2107221013
384,0.0654270085614,6.14271261368
385,-0.418360706774,7.34981332657
386,-1.57959379661,0.820679469879
387,0.198679891253,6.33147644047
388,-0.64841847934,4.46642401071
389,-1.42604853922,4.63435985308
390,-1.03098049995,4.43676810543
391,-0.510685839621,2.56270859588
392,-1.10278202192,3.29896182473
393,1.18447217407,10.230457031
394,-0.610349788008,4.91408372478
395,-1.52712629077,0.968494162792
396,-1.73833601803,1.61960293385
397,0.411942894042,7.69162622027
398,-1.35066761633,1.7476853992
399,-1.90505427068,1.92728063871
400,-1.62929202544,3.0505872659
401,0.691556329402,9.8502205107
402,-0.469187841118,5.5132032079
403,-0.340637643768,5.77652588104
404,-1.3067785595,2.64873841239
405,-0.0411783980126,7.21137916114
406,-1.05100893363,3.75568730108
407,0.254808105242,7.53058172825
408,-1.36524275799,2.75973846744
409,-1.45270176669,2.17933994335
410,-0.293035186204,3.99797945869
411,0.245830445224,4.62041504086
412,-1.00263084467,0.985924860977
413,-0.471761459848,4.40837318382
414,-2.54648799908,-0.371021989451
415,-0.935366343567,3.21575997396
416,-0.694034145926,4.72357489186
417,0.415285984481,6.51438966817
418,-0.101928107021,5.61944634977
419,-1.29121331033,3.05581429663
420,-0.915675134729,4.43169035245
421,-2.08167390341,-1.68497090801
422,-0.913846887695,3.61399955902
423,-1.54967691346,1.24991192894
424,-1.56678356675,2.16505374159
425,-1.14266386385,3.35550315211
426,-0.547308181876,4.37794136456
427,-0.796884008778,3.8271013728
428,-3.23418633952,-2.42563860428
429,-0.678535124003,3.6697335969
430,1.35046489477,11.6680144586
431,-1.31514244372,4.04508038061
432,-2.46219053977,-1.80040622163
433,0.958033546866,8.51879693122
434,-2.2721669871,1.03317107827
435,-0.565323276719,5.05057638044
436,0.978854173782,6.02710324672
437,-4.58322171013,-6.90137279724
438,-2.54009561646,-1.45819167175
439,-0.947925553034,2.1223855502
440,-1.17376351512,1.5047460161
441,-0.444308724252,4.27011142658
442,-0.322922990324,3.73025559684
443,0.329359283968,7.88544034095
444,0.737329995462,8.20515635916
445,-2.18564079253,-0.247304454256
446,-1.71877511161,-0.341919189462
447,-0.762746842899,4.75022461106
448,-0.278585510995,6.67229381147
449,0.333184983942,6.96677647946
450,-2.80324894002,-3.52380920286
451,0.817826446914,9.10622280185
452,-0.65777347805,4.25226115499
453,-0.72427636694,4.48955306604
454,-1.93551177368,-0.0172102596463
455,-1.4146041809,0.852360063048
456,-1.90176138089,1.27741399949
457,0.524907184959,7.43594513739
458,0.469810958035,6.82972621782
459,-2.02605359807,-0.167162448584
460,-1.24644524268,1.25666813474
461,-1.00980637785,2.80595078655
462,-2.07017508919,-0.631734366274
463,-2.41111963706,-1.09937934303
464,0.330665537467,7.11196338237
465,-1.47527201829,2.51417581981
466,-1.4219323013,1.74098665361
467,-1.87721765069,2.04874929728
468,-1.40671122746,2.36736009551
469,-0.741190012327,3.01230907171
470,-1.87074659729,-0.433973203198
471,-3.8069589467,-4.80563879897
472,-0.247247123756,5.36392956461
473,-1.35266446825,1.64328380494
474,-1.71609763422,2.67404452636
475,-0.137741868751,6.87587621017
476,-1.99559545454,0.496571765967
477,-1.2019276909,2.7105121583
478,1.21274218696,11.103328809
479,-1.84060627861,0.0899157631509
480,-0.467844087874,3.84540027844
481,-0.840938654595,3.2508165076
482,-1.66686480816,0.93133460799
483,-1.52622489164,1.82766270355
484,-0.880168341754,2.87602997133
485,0.488078412577,7.7349223865
486,-0.412891042105,4.28675438259
487,-0.321974199692,6.75568548548
488,0.479011541823,8.28800502697
489,-0.718137028837,6.70052151807
490,-2.29272124593,0.346740709393
491,-1.07082766984,2.10920080592
492,-1.75713202228,1.57687478363
493,-2.26636181975,-0.175192257864
494,-0.31125237624,4.22941915807
495,-0.54613250246,3.44031074776
496,-1.39315733425,2.74637833389
497,-3.59559038402,-4.31429993214
498,-2.05909792273,1.55035985753
499,0.694658118166,8.994212778
500,-2.87550720138,-0.738887748403
501,-3.36405979416,-2.96228954015
502,-1.45942293729,2.378927925
503,-1.04901240108,4.21206349318
504,-2.42068752002,-0.603341568354
505,-1.56877325417,1.91899007466
506,-1.38865517886,1.544713531
507,0.623036586092,10.0817380077
508,0.238713418746,7.34794933601
509,-1.03295225988,3.18609080615
510,-0.850074113851,2.73206932911
511,-0.377874383017,5.62310504644
512,-2.45080190176,-0.143861316285
513,-0.948063856445,4.28789202209
514,-0.693269900161,6.00533398304
515,-0.183842289744,4.63148930132
516,0.30750524405,6.96983796882
517,1.1150042135,8.19296699281
518,-1.95265616901,0.352752338041
519,-2.41617295364,0.259566275923
520,-0.442291587607,3.99964658339
521,-1.21138647186,3.45600144476
522,-0.729409841789,3.70972631873
523,-0.840849629639,4.74751070534
524,-0.586161824739,3.24579076893
525,-0.211485535418,4.42182478024
526,-0.73735789094,3.99351820252
527,-0.633400776549,6.34688888446
528,-0.687226949286,4.02560751982
529,-0.67928668329,5.68376696893
530,-1.1537516472,4.13298216375
531,0.668596433283,6.98274087448
532,0.798044954543,9.47101517004
533,1.11646296395,11.0816855697
534,0.241041639025,6.07955510947
535,-1.61656318045,-0.560578080473
536,-1.14411600694,2.8510250746
537,-1.85607422203,-0.527677196974
538,0.490913888893,7.5346254291
539,-0.600533577753,6.03158253035
540,-0.507860312764,4.88761249151
541,-1.49747531263,1.73740122194
542,1.65711534481,10.7972906425
543,-0.943284623588,3.51489941377
544,-0.856367960704,1.70848021801
545,0.602874375869,5.87032930097
546,-3.8987302462,-5.68557360224
547,-1.34470266302,2.08692288457
548,-2.98916329541,-3.07006179464
549,0.315854603134,9.18735185146
550,-0.535216997481,5.04637065679
551,-1.99454035877,0.92857242449
552,-1.522829752,1.48826903331
553,-1.70875855609,1.39902765755
554,-0.615282797268,5.23009074617
555,-2.20953835767,1.52970899445
556,-2.12734528407,1.8391515136
557,0.525242427153,7.45707605814
558,-0.821736405515,3.90380402832
559,-0.518563680658,5.43475855119
560,-0.895076188868,4.6097527586
561,0.156258385976,6.59380853124
562,-1.31978710399,0.938220677623
563,-1.59845299629,0.160541255999
564,-2.05034407221,0.670135462648
565,0.936515062593,8.75530348019
566,-0.796384854602,4.59114896057
567,-1.54382800402,2.98488506197
568,-0.246939646559,4.32044517375
569,-2.07898196897,-0.0759289278305
570,-0.862330176553,2.92174913869
571,0.5242378622,9.41003038258
572,-0.65516842081,3.35911235433
573,-2.00801983404,1.17040515621
574,-1.19211080067,3.00657580563
575,-1.667116816,1.4861999464
576,-0.0589310688563,5.7776562718
577,-2.35815229328,0.274207321266
578,-2.82123587733,-1.45631318452
579,-0.495497117896,4.21543061308
580,-0.307050391478,7.47942787588
581,-0.175269878023,7.72984080973
582,-1.87765889637,0.90371850246
583,-1.29610579779,2.43846687291
584,1.35742996577,11.0585682553
585,-1.61214947346,-0.328586110588
586,-0.999840602416,4.22961521144
587,0.368141572504,6.7217616463
588,-0.502947546991,4.44916350178
589,-0.668494749781,5.63627327933
590,-1.31325876381,2.92319198989
591,-1.68267564176,-0.376948762445
592,-0.802849985348,5.84300424996
593,-0.21099794088,5.78359954039
594,-0.870712448004,2.94265165637
595,0.0114370136233,6.39462638845
596,-1.02699678952,4.54329540459
597,-2.72238679899,-2.83713314046
598,-2.52806170096,-0.484208526062
599,-3.40604800185,-3.11758391383
600,-0.113778235948,8.0231931807
601,-2.39196214329,-0.196355300302
602,-0.888031523085,3.48229525298
603,0.26050798006,8.60162596643
604,-0.281599093303,5.09515996348
605,-0.541480529534,3.77039569339
606,-2.31335655466,-1.04631718263
607,0.961334057773,7.86829326022
608,-0.927692994093,4.47931220507
609,0.0560868776783,7.67413155361
610,-2.19628438085,0.351448418992
611,-0.53384241739,6.09282031697
612,-2.1330269069,-1.33138778381
613,-2.31157901212,-0.066531393683
614,1.20048913453,9.87681151064
615,-1.47527083693,1.0694548402
616,-2.02358515684,-0.130639184596
617,-1.14641558956,3.76703026545
618,-0.70105462552,6.20818074641
619,-1.22037533201,1.68313320237
620,-2.1781282878,1.02270581618
621,0.803013432086,8.4887825636
622,-0.291952619311,6.18133080666
623,-0.830088674603,4.7378762269
624,-0.830811470281,2.43320565451
625,-0.721073520819,5.35426605904
626,-1.85293468009,0.359390057532
627,-1.26066243682,3.58785609949
628,-0.794191830304,3.17532572539
629,-0.464104882134,4.97338541309
630,-0.211846694586,6.52798784173
631,-0.634557758143,5.5877436642
632,-1.24013107093,2.16981912711
633,-0.81505347521,4.55625104088
634,-0.394267578492,5.47772463389
635,-0.804779180723,3.7885203736
636,-1.06387766008,2.62336109353
637,-1.53152446856,3.93995144405
638,-1.57710050673,2.70846530093
639,-2.37478194983,0.720837607857
640,-0.00075538706165,6.7645871041
641,-1.09055950599,4.09527100864
642,-0.0890792440663,7.58133248785
643,-2.70867899958,-2.99401795647
644,-1.80601430782,1.26612316645
645,-0.182639590292,6.11303161503
646,-1.49731445161,2.80899028305
647,-1.56938372132,1.56962239244
648,-1.41590290042,1.67875375792
649,-0.938069496625,3.82778490365
650,-0.513481599988,4.8144253696
651,0.569366130347,7.80206507183
652,-0.443582139295,4.19999699464
653,-1.35389624147,-0.0773846701022
654,-0.102060111844,4.01733909648
655,-1.83658854215,0.360770010912
656,-2.84296729362,-2.23088821506
657,-2.60701632919,-2.22440588561
658,0.389455727485,10.0606498318
659,-1.13141390491,2.25154016881
660,-0.794488078753,3.40459195376
661,-0.689335234205,4.40302033769
662,0.647859563223,6.74951202981
663,-1.26117656556,1.66246576954
664,-2.81180949831,-0.873675434784
665,-0.693594212703,5.67122874944
666,-1.66556580446,2.03991775091
667,0.877571203906,9.00467778344
668,-1.7450657237,1.65096718794
669,-2.31979847646,2.39408137919
670,-1.03061829668,2.88687385922
671,-0.947667632192,6.14986173104
672,-1.43119741468,2.48453265855
673,-1.62160396947,2.69502617286
674,-1.70806229143,1.69544131668
675,-0.287537598398,6.12465528455
676,-0.474049820951,2.42873253093
677,-1.38260453033,2.55287437786
678,-2.65673511736,-1.91280602349
679,-1.76170526626,0.443337216278
680,0.581852301991,9.23777414657
681,-2.63255324222,-1.80335730087
682,0.19176387816,5.90390597378
683,-1.19485053271,3.77406230624
684,-0.835057401583,4.53564851187
685,-2.30626994982,-0.82631411982
686,-0.0480779397049,6.6765988264
687,-1.167554762,2.95376363956
688,-1.30575793396,3.20298381383
689,0.437333550281,6.70802246496
690,-1.14897781893,1.54626481242
691,-2.47185516035,0.116673148232
692,-2.25421090023,-1.6293704131
693,-1.27969285808,1.68032636472
694,-0.861981634414,3.08502271578
695,1.43043957962,11.1196344921
696,-1.76883072386,1.63168073349
697,-2.48349994572,-2.07002980616
698,-2.05786566677,2.40939621895
699,-2.51068466886,-3.63917255541
700,-0.326426623989,6.81445325986
701,-2.04018462161,-1.26850029607
702,-0.256392368799,5.04917783457
703,-0.47831644283,2.98050720193
704,-0.905633113909,2.84537494057
705,-0.66000034406,5.72015879141
706,-0.151852755352,6.77161406128
707,-1.73680895765,0.666115989099
708,-0.556087371815,7.09039835266
709,0.0546288648838,6.88583725732
710,-0.495911198655,5.15638350598
711,-1.33377109884,0.565908812393
712,-0.943744546029,3.72629917508
713,-0.943891135806,2.98743380921
714,0.903370898024,7.46916120104
715,-1.87945962759,0.429320518226
716,-2.00181434161,0.752840630137
717,-0.965197133212,3.8669608756
718,-0.468636340489,4.76441866196
719,-0.167875324883,6.43870964397
720,-0.212872477464,7.19678799977
721,-0.529261868136,4.23747886123
722,-0.543766152584,4.84206630485
723,-1.19240534642,3.93321130482
724,-0.873974308027,3.88265539966
725,0.501610553111,7.27529966877
726,-0.508348539528,4.39055208322
727,-0.497736851192,4.5402133019
728,-0.543825478821,5.77390303999
729,-2.35607996111,-1.34955390809
730,1.83883533527,13.3381558185
731,-0.877225629359,4.11685569117
732,0.254369280697,8.76804677022
733,1.41466602052,10.2967518424
734,-1.05614629417,4.29743921423
735,-0.789842103286,3.10327949916
736,-1.93128775404,0.414350812677
737,-1.38063614507,2.98338447509
738,-1.2867591933,2.81630005482
739,-2.9922885453,-3.33182283383
740,-0.750611947766,4.49223730244
741,-0.468862831194,4.64225198409
742,0.11766957272,7.23018531994
743,-0.0142711439321,6.92055922709
744,0.298189456089,7.89634788151
745,-0.852300427868,4.52661813534
746,-0.601184862395,6.37491503244
747,-0.5260008644,4.01829911475
748,-1.92767838241,0.685013142885
749,-0.998314720769,4.1984463743
750,-3.59436158847,-3.1989607801
751,-1.04665712802,2.22285906591
752,0.161842175836,7.2282327291
753,-1.60659038262,1.92368955565
754,-1.87481057985,1.01218558206
755,-1.3748443983,1.9820945061
756,-2.64939635807,0.0432037984334
757,-3.15095739013,-3.63020602134
758,-1.05715549845,4.6794740043
759,-2.09151373561,1.14836886913
760,-1.47559841478,1.41134149456
761,-0.492967584273,5.55003221487
762,-0.55114132708,4.1102117682
763,-1.68372642594,1.68631104728
764,0.390074723088,7.72480908433
765,-1.88386162347,1.71483825663
766,-0.865878409328,3.68658969332
767,1.78157381249,11.8906181077
768,-0.691012081443,4.73919103492
769,-1.5350219654,2.39156773725
770,-2.7478988289,-0.574520788879
771,-0.565886034796,4.83941171249
772,-0.77021010105,3.77893101963
773,-1.13808779286,1.42708389631
774,-0.967186076885,3.90430435537
775,-1.30972556499,2.3264547482
776,-1.21048965866,3.29404024448
777,-1.79352976743,2.01204871774
778,-3.57456290905,-5.18477590524
779,-0.633876075429,4.22294115249
780,-1.63310349847,1.45011783748
781,-0.414550868164,4.85118916319
782,-0.545362160561,6.30205854437
783,-1.78197844952,2.67874087993
784,-0.296107772755,4.04804307677
785,-1.59447992889,1.38978606976
786,-1.84749156439,-0.127879744898
787,-1.33212607495,4.15013706193
788,-2.95718845458,-2.08860792525
789,-3.11580879732,-3.11179855375
790,-1.82947858583,1.03989981585
791,-0.487750889383,5.02231536959
792,-1.52431622301,1.10733134247
793,-0.301085271536,6.09501353694
794,-1.05468230511,3.38489531889
795,-1.35361257621,1.9395940744
796,-1.47184884174,1.89232779523
797,-1.38835322939,2.21528766575
798,0.462242608968,8.37342785537
799,-0.549416386588,4.53564641584
800,-1.07954260363,3.84494661278
801,0.581867643093,9.7460385382
802,-0.478256401953,4.34115913381
803,-1.66943598711,-0.0602115496953
804,-0.563429553037,4.73146671622
805,-0.677742557566,4.9637594422
806,-0.931241052422,3.52086297026
807,-1.33634692185,3.47903820863
808,0.387921495353,7.24461598236
809,-2.01746702422,-0.86533255483
810,0.24928513434,8.18721752548
811,-0.758360084137,3.02366608941
812,-2.48719521022,-1.83114979233
813,-2.05384980976,0.76876312677
814,-1.39247176578,0.626173396314
815,-1.30965857299,3.68650330013
816,0.199690348498,7.16115381183
817,-2.31324468531,-0.512223572131
818,0.620103270145,9.0099061445
819,-0.332680900174,4.53062405261
820,-1.00984992598,3.68510921714
821,-2.06739033086,-0.000403107711087
822,-0.686808908932,6.14540900613
823,-1.65608161947,1.4865499324
824,0.0148540934719,7.0513957015
825,-0.640233732279,4.96956447459
826,-0.560583710896,5.12096164378
827,0.502435362227,8.18083939862
828,-2.74599904023,-1.87230000737
829,-2.64318854807,-2.8180069947
830,-0.602145836591,2.89219725536
831,-0.945981417641,3.95764395939
832,-0.833745411937,3.28265076402
833,-1.69997978711,1.00163994431
834,-1.05482056013,5.33226874249
835,-1.06986041636,3.61895727399
836,-1.29159530046,4.25512687842
837,-2.58484268838,-1.21044647207
838,-2.26336495648,-1.22451846798
839,-2.27626235412,0.744809748148
840,-1.62992194755,1.61945165187
841,-0.0697443796288,5.84319445459
842,-0.690193530899,4.62400270026
843,1.4417056825,10.2057608953
844,-0.129956505866,4.92619905631
845,-1.95084146108,0.468512969485
846,-0.389243914794,6.43626251333
847,-1.12143205803,1.90453919431
848,-1.2894744993,1.36779877534
849,-1.74745971127,1.6902211342
850,-0.752681012526,4.13726188817
851,-1.14554079903,4.14494828351
852,-1.35108110412,2.38050494781
853,-1.99281940049,0.763413643335
854,-0.97543254281,2.65388873222
855,-0.0536981338361,5.17848783033
856,-3.19020550532,-3.98622907407
857,0.178762817668,5.62833410811
858,-3.45285121711,-4.89771848467
859,-2.61755452066,-0.178901240932
860,-0.940150697388,2.73606313738
861,0.299067266654,8.03487772569
862,-0.945149712108,4.86046473015
863,-1.07588450847,4.9018285707
864,-0.34513170895,4.12062421325
865,-1.60517578242,1.42059307042
866,0.109867072474,6.68050260915
867,-0.9318068664,2.89320697613
868,-1.78980809236,0.891878485248
869,-1.13040149429,3.28027709928
870,0.250223986708,7.91488449536
871,-1.79437234918,1.15876794346
872,0.151557075739,6.10202916107
873,-2.00751188483,1.24937409442
874,-1.18109641623,3.3514965749
875,-1.20438351172,2.87584053674
876,-0.701266942541,4.29265532641
877,-0.918318643971,2.5497981854
878,-2.2936254507,-0.747196687469
879,-0.764456362406,5.71787323394
880,-1.91147394806,0.0420305027343
881,-1.54568463964,1.98577219184
882,-0.918936191955,3.62150855078
883,-0.330888593198,4.88753787552
884,-3.34880673888,-2.55222121299
885,-1.70067669125,1.68542466812
886,-0.540618168318,5.25380468129
887,-0.7174149254,4.13044524637
888,-0.095280731875,6.75484334968
889,-1.47740469618,1.08402331023
890,-0.336512022522,5.4194109818
891,-2.86597879064,-4.29728711261
892,-1.73422385258,-0.309724355306
893,-0.896913401423,4.18479453031
894,-0.947480259027,3.71569018044
895,-1.29787473695,2.06691977556
896,-0.435150770757,6.26408689082
897,-2.11287702003,-1.41027746841
898,-0.879320930591,5.72468052234
899,0.167533426282,7.09443048342
900,-1.23737167235,2.79160693184
901,-1.53172380057,4.63571835804
902,-2.14912067405,2.29936334697
903,-2.39210377759,-1.71560354443
904,-0.988072069978,3.34897521437
905,-1.4352002593,1.62925103559
906,1.30839298862,10.666083345
907,-0.339053835174,7.24956968225
908,-2.18059735407,-0.551600392059
909,-2.48645806562,-1.30484937884
910,-1.89250025976,3.95138912923
911,-0.704104375185,4.48419575151
912,-0.718064910968,7.41325647372
913,-1.12887436538,2.44230990018
914,0.364887866478,8.35388043551
915,-2.87258198092,-1.74377576221
916,-0.0164152991864,7.41245388406
917,0.560553095468,8.07098262978
918,0.872497233903,7.75351541932
919,-2.22163464378,-0.60943810861
920,-1.3837969026,2.44424414413
921,-0.469328869761,4.86726964324
922,0.0702385903873,7.14633179558
923,-0.697863147621,5.43079533074
924,-0.19304174578,6.92656184793
925,-0.424290321821,5.33075524526
926,-1.4194870974,1.68027921957
927,-3.15805077362,-3.79947973365
928,-1.46090503596,-0.207293620294
929,-0.921506490595,4.48554717983
930,-0.612986560055,5.88609765439
931,-1.68146736425,-0.22041253567
932,-0.167846160925,6.4908266244
933,-0.316088031163,6.30206101483
934,-0.830346342025,3.37904188433
935,-3.41647900365,-3.60883504384
936,-1.78962579639,1.02383769115
937,-1.05618863232,2.93834481925
938,-0.723650494364,4.06260632603
939,-1.03550895294,4.61017755943
940,-0.333242200367,4.43085727147
941,-0.475920753825,5.31488289347
942,-1.18623445121,2.32899021381
943,-0.315377167982,4.72477093601
944,1.27713132682,10.2263610012
945,-2.74793265939,-0.784035326164
946,-0.0407882721967,6.49155732682
947,-3.28370250812,-2.55588631723
948,-3.15596099085,-2.35414693974
949,0.398304871053,7.90823573685
950,0.790117714813,8.78702130362
951,-1.3822907881,2.74403805102
952,0.10328659312,7.93927820418
953,-1.15976679419,4.30811869964
954,0.436688396679,8.53488004072
955,-0.70431729223,4.18313660145
956,-0.992988436385,2.37324876093
957,-1.35842525178,2.6802800362
958,-0.848283481594,5.38867592036
959,-1.04679821256,2.77403687922
960,-0.861473850298,4.21890461784
961,-1.99460983336,-0.119194029199
962,-1.06590457757,3.98110441102
963,-0.788624534092,3.03204731526
964,-0.428171943514,4.51764567592
965,-0.952103086208,4.00241272842
966,0.00578485796044,6.21590464574
967,-1.02969577867,2.47811615525
968,-0.417126137437,4.75084239417
969,-1.66346853003,2.79685949051
970,-1.77983008665,1.71591601028
971,-1.4772439592,3.9777001185
972,-2.65975914434,-3.41600784824
973,-0.0737430244565,6.25769308865
974,-2.18702270017,-0.231356704837
975,-1.71021739726,1.42574707917
976,-0.287457187299,4.5551499242
977,-0.69801188749,3.0313405825
978,0.670945527999,7.01218972187
979,0.936903003173,8.73680293168
980,0.0925242692974,6.86800891749
981,-0.749367873608,4.58018670206
982,-0.886571825937,4.92441399674
983,-1.42367246442,3.49164681896
984,-1.15723669003,2.7602253238
985,-2.73132492722,-1.56921385255
986,-0.818924041042,4.32640199253
987,-0.543013000361,3.96657603404
988,-0.329115919893,5.10373868384
989,-0.93935446349,4.26779730888
990,-1.18069253146,3.43071687454
991,-0.427032679777,3.09481773867
992,-1.75357896704,2.86266469233
993,-1.13290431808,3.13159150404
994,0.0449869462085,6.86882705242
995,-1.26659083462,1.88456424994
996,-0.343385853277,4.47728041219
997,-0.806294704071,4.63969920851
998,-1.34202235474,1.69544471473
999,-2.17806586454,-1.30577438408
